{
  "version": "TurboThinker Student v4.9 • local trained weights • no API",
  "created_at": "2026-06-17T04:12:14+00:00",
  "model_type": "multi_label_logistic_student",
  "trained_from_filename": false,
  "source_name_used_for_label": false,
  "feature_count": 19,
  "output_labels": [
    "multi_design_preview",
    "heavy_work",
    "all_over_design",
    "front_neck",
    "back_neck",
    "boat_neck",
    "pot_neck",
    "short_hand",
    "full_hand",
    "hand_design",
    "sleeve_panel",
    "cut_work",
    "net_work",
    "butti",
    "border",
    "flower_border",
    "flowers",
    "rangoli_design",
    "stitched_photo_reference",
    "one_side_design",
    "back_drop_neck",
    "heavy_outline",
    "mango",
    "mirror_designs",
    "peacock_parrot",
    "lotus_roses",
    "saree_pallus",
    "simple_designs",
    "v_neck_designs"
  ],
  "feature_mean": [
    0.21745187,
    244998254,
    0.43519037,
    0.97138065,
    0.70409851,
    0.15112569,
    0.92083333,
    0.63414226,
    0.66943065,
    0.69755506,
    0.26644345,
    0.10664084,
    0.43044215,
    0.11527259,
    0.17630724,
    0.27106843,
    0.20497992,
    24091378,
    240557113
  ],
  "feature_std": [
    0.08560494,
    0.09912834,
    0.08223783,
    0.09446787,
    0.37278618,
    0.03143929,
    0.19034873,
    0.27837199,
    0.10662852,
    0.10027947,
    0.22646165,
    0.09014223,
    0.1315739,
    0.07748706,
    0.08219571,
    0.10737268,
    0.09854816,
    0.05071292,
    0.02516979
  ],
  "weights": {
    "multi_design_preview": [
      0.0,
      0.0,
      0.0,
      0.0,
      0.0,
      0.0,
      0.0,
      0.0,
      0.0,
      0.0,
      0.0,
      0.0,
      0.0,
      0.0,
      0.0,
      0.0,
      0.0,
      0.0,
      0.0
    ],
    "heavy_work": [
      0.22801869,
      -0.66875171,
      0.41735533,
      0.48756321,
      242328177,
      0.37292287,
      0.01798714,
      0.66604695,
      0.17656243,
      247616407,
      248193243,
      0.06823139,
      0.34923486,
      0.14677744,
      0.18448435,
      0.27937211,
      0.16046696,
      -0.00153971,
      -240086542
    ],
    "all_over_design": [
      0.37348126,
      -0.05584357,
      0.06983966,
      -0.35692697,
      1.08365349,
      0.36751924,
      -0.0729248,
      0.92954585,
      0.36497822,
      -0.1245082,
      0.68570613,
      0.27170773,
      0.31397836,
      0.38454671,
      0.09865592,
      0.43136567,
      0.42683416,
      0.35738928,
      -0.07899904
    ],
    "front_neck": [
      -0.0722407,
      0.15787748,
      -0.17050161,
      -0.22866571,
      -0.28590745,
      0.21264114,
      -0.1377471,
      -0.04075471,
      -0.13438267,
      0.65592761,
      0.13266294,
      -0.66760091,
      -0.04223403,
      0.61236594,
      0.09750429,
      -0.26386337,
      -0.01836184,
      -0.17373386,
      2.10143853
    ],
    "back_neck": [
      0.0,
      0.0,
      0.0,
      0.0,
      0.0,
      0.0,
      0.0,
      0.0,
      0.0,
      0.0,
      0.0,
      0.0,
      0.0,
      0.0,
      0.0,
      0.0,
      0.0,
      0.0,
      0.0
    ],
    "boat_neck": [
      -0.01617667,
      -249864693,
      -0.79944538,
      -0.01369495,
      -0.07907195,
      -247422406,
      1.01511211,
      -0.15187641,
      -0.38446499,
      0.45503437,
      0.08200646,
      -0.22971987,
      0.10756333,
      0.03761227,
      -0.00869545,
      -0.32708826,
      0.32738565,
      0.03480288,
      -0.29608537
    ],
    "pot_neck": [
      0.04271264,
      -0.8864107,
      1.21931583,
      0.49326798,
      0.17776157,
      244121044,
      -247305329,
      0.11586697,
      -0.27383574,
      -0.29587783,
      -0.07214824,
      0.31011022,
      -0.32255592,
      0.37579421,
      0.12066558,
      0.05279573,
      -0.04748543,
      -0.1690553,
      0.21210984
    ],
    "short_hand": [
      -0.11783917,
      1.4197845,
      -0.77752556,
      0.18169154,
      -0.04561821,
      -0.17066613,
      -0.09418533,
      0.10957629,
      0.75158367,
      0.00409582,
      0.00529483,
      -0.28449835,
      0.29695981,
      -246389138,
      -0.12748401,
      0.22015113,
      -0.45325734,
      -0.18090051,
      0.18518806
    ],
    "full_hand": [
      -0.18389504,
      0.99306321,
      -1.05074851,
      -0.03552982,
      1.13939721,
      -241698711,
      0.35116631,
      242885681,
      -0.11861642,
      0.42237171,
      0.19097282,
      -0.46822131,
      0.24072931,
      -0.45447602,
      -0.01754983,
      -0.15460845,
      -0.2840274,
      -0.32614932,
      -0.05441652
    ],
    "hand_design": [
      -0.25780005,
      1.43447346,
      -1.05425313,
      0.03165618,
      -0.06887907,
      -0.2697653,
      -0.13814569,
      0.03009358,
      247062889,
      0.01446187,
      0.10304113,
      -0.47919071,
      0.2035638,
      -0.66543094,
      -0.30280315,
      -0.08305911,
      -0.35526315,
      0.26243173,
      -0.11733442
    ],
    "sleeve_panel": [
      0.0,
      0.0,
      0.0,
      0.0,
      0.0,
      0.0,
      0.0,
      0.0,
      0.0,
      0.0,
      0.0,
      0.0,
      0.0,
      0.0,
      0.0,
      0.0,
      0.0,
      0.0,
      0.0
    ],
    "cut_work": [
      -0.34781357,
      0.17334859,
      -0.10315474,
      0.15173886,
      -0.1301693,
      -0.12169644,
      -0.09956939,
      0.11292623,
      -0.19594021,
      -0.36396616,
      1.02956545,
      -0.01259871,
      -248543329,
      -0.16129149,
      -0.37475353,
      -0.3139226,
      -0.27799338,
      0.01650966,
      -0.13993213
    ],
    "net_work": [
      -0.10036014,
      -0.00871693,
      0.01156696,
      0.71055733,
      -0.00492636,
      -0.02222682,
      0.09771491,
      0.0476028,
      -0.05988262,
      -0.09512483,
      -0.01048598,
      -0.09301114,
      -0.06660051,
      -0.1332366,
      -0.10415428,
      -0.09701568,
      -0.09418923,
      -0.01599826,
      -0.0248936
    ],
    "butti": [
      -247336613,
      0.36775406,
      -0.36016942,
      -0.3196813,
      0.88246733,
      -0.45877509,
      -0.11393292,
      242442184,
      -0.60241404,
      -0.28350985,
      0.30521019,
      -0.45293851,
      -247848512,
      -0.37104911,
      -0.29490255,
      -0.6185345,
      -248507763,
      -0.19502144,
      0.18461671
    ],
    "border": [
      -0.12837627,
      1.42453456,
      -0.77206576,
      0.17134994,
      -0.05173491,
      -0.17002672,
      -0.10962265,
      0.09879706,
      0.75495017,
      0.00061784,
      0.01927634,
      -0.30389165,
      0.29410005,
      -244761666,
      -0.12519401,
      0.22547741,
      -0.45061082,
      -0.1794621,
      0.17314296
    ],
    "flower_border": [
      0.0,
      0.0,
      0.0,
      0.0,
      0.0,
      0.0,
      0.0,
      0.0,
      0.0,
      0.0,
      0.0,
      0.0,
      0.0,
      0.0,
      0.0,
      0.0,
      0.0,
      0.0,
      0.0
    ],
    "flowers": [
      -0.08129632,
      -0.07717997,
      0.06622938,
      -0.20419716,
      1.62259712,
      -0.0521138,
      0.01409524,
      1.00652575,
      -0.17486172,
      -0.07483724,
      0.48981479,
      -0.00956534,
      -0.01248701,
      -0.2275793,
      0.06224475,
      -0.10019125,
      -0.15652881,
      -0.08485358,
      -0.30461288
    ],
    "rangoli_design": [
      0.08612177,
      -0.25752423,
      0.35257929,
      -0.03175822,
      -2467866,
      0.27594981,
      -0.98965969,
      -0.43202812,
      -0.2271302,
      -0.07028929,
      -0.26572411,
      0.23202772,
      -0.16078743,
      0.24864415,
      0.03731343,
      -0.06209588,
      0.24198983,
      0.09864244,
      -0.1255941
    ],
    "stitched_photo_reference": [
      0.0,
      0.0,
      0.0,
      0.0,
      0.0,
      0.0,
      0.0,
      0.0,
      0.0,
      0.0,
      0.0,
      0.0,
      0.0,
      0.0,
      0.0,
      0.0,
      0.0,
      0.0,
      0.0
    ],