{
  "multi_design_preview": {
    "count": 336,
    "feature_vector": [
      0.217452,
      2449983,
      0.43519,
      0.971381,
      0.704099,
      0.151126,
      0.920833,
      0.634142,
      0.669431,
      0.697555,
      0.266443,
      0.106641,
      0.430442,
      0.115273,
      0.176307,
      0.271068,
      0.20498,
      2409138,
      2405571
    ]
  }
}